Subject Area;Subcategory;Scholarly Output;Citations;Authors;Citations per Publication;Field-weighted Citation Impact;Scholarly Output Périmètre B;Citations Périmètre B;Authors Périmètre B;Citations per Publication  Périmètre B;Field-weighted Citation Impact  Périmètre B
All;-;5988;40790;15890;6,8;1,16;3108;19993;9995;6,4;1,01
Engineering;-;2494;17774;5997;7,1;1,31;952;5749;2785;6;1,13
Engineering;General Engineering;238;1248;952;5,2;1,22;96;431;497;4,5;0,93
Engineering;Engineering (miscellaneous);106;779;480;7,3;0,84;50;315;258;6,3;0,56
Engineering;Aerospace Engineering;48;354;234;7,4;1,23;23;122;137;5,3;1,16
Engineering;Automotive Engineering;48;288;174;6;1,26;18;120;62;6,7;1,23
Engineering;Biomedical Engineering;73;467;409;6,4;1,04;44;330;287;7,5;0,95
Engineering;Civil and Structural Engineering;224;3286;656;14,7;1,41;111;1192;327;10,7;1,16
Engineering;Computational Mechanics;51;439;140;8,6;1,02;8;36;35;4,5;0,45
Engineering;Control and Systems Engineering;441;2822;1044;6,4;1,24;159;792;413;5;1,26
Engineering;Electrical and Electronic Engineering;1008;7640;2561;7,6;1,22;358;2588;1106;7,2;1,31
Engineering;Industrial and Manufacturing Engineering;247;4152;848;16,8;3,18;84;890;340;10,6;1,37
Engineering;Mechanical Engineering;495;4510;1410;9,1;1,28;159;1218;545;7,7;1,18
Engineering;Mechanics of Materials;337;2240;1068;6,6;1;108;567;410;5,3;0,91
Engineering;Ocean Engineering;78;702;292;9;1,26;43;445;167;10,3;1,4
Engineering;Safety, Risk, Reliability and Quality;155;637;514;4,1;0,76;82;366;256;4,5;1,01
Engineering;Media Technology;67;249;217;3,7;1,21;23;102;88;4,4;1,58
Engineering;Building and Construction;162;2756;448;17;1,63;87;1065;262;12,2;1,14
Engineering;Architecture;34;325;112;9,6;0,91;20;172;67;8,6;0,84
Computer Science;-;1802;8909;3838;4,9;1,08;748;4126;1762;5,5;0,99
Computer Science;General Computer Science;299;1310;927;4,4;0,96;155;741;426;4,8;0,85
Computer Science;Computer Science (miscellaneous);39;234;167;6;1,19;19;116;76;6,1;0,86
Computer Science;Artificial Intelligence;289;1303;882;4,5;1,19;113;439;340;3,9;1,04
Computer Science;Computational Theory and Mathematics;78;478;283;6,1;1,35;49;117;140;2,4;1,32
Computer Science;Computer Graphics and Computer-Aided Design;83;489;295;5,9;1,11;49;297;154;6,1;1,31
Computer Science;Computer Networks and Communications;528;1415;1226;2,7;0,99;146;925;423;6,3;1,03
Computer Science;Computer Science Applications;535;3820;1580;7,1;1,24;258;1769;805;6,9;1,25
Computer Science;Computer Vision and Pattern Recognition;168;894;491;5,3;0,9;74;272;238;3,7;0,76
Computer Science;Hardware and Architecture;204;850;679;4,2;0,79;84;333;274;4;0,84
Computer Science;Human-Computer Interaction;88;454;289;5,2;0,78;61;211;185;3,5;0,65
Computer Science;Information Systems;180;801;712;4,5;0,86;84;516;310;6,1;0,99
Computer Science;Signal Processing;319;1126;864;3,5;0,95;112;410;332;3,7;0,84
Computer Science;Software;338;2010;989;5,9;1,08;180;834;506;4,6;0,67
Physics and Astronomy;-;1303;6962;4834;5,3;1,05;516;3007;2474;5,8;0,95
Physics and Astronomy;General Physics and Astronomy;215;1674;1211;7,8;1,25;122;562;711;4,6;0,72
Physics and Astronomy;Physics and Astronomy (miscellaneous);33;154;189;4,7;1,1;13;96;144;7,4;1,01
Physics and Astronomy;Acoustics and Ultrasonics;31;450;114;14,5;2,26;3;7;24;2,3;0,85
Physics and Astronomy;Astronomy and Astrophysics;92;634;647;6,9;1,19;39;344;389;8,8;1,27
Physics and Astronomy;Condensed Matter Physics;330;1813;1303;5,5;0,84;167;994;698;6;0,81
Physics and Astronomy;Instrumentation;403;978;1152;2,4;0,97;80;386;417;4,8;1,2
Physics and Astronomy;Nuclear and High Energy Physics;132;1009;843;7,6;1,12;51;544;366;10,7;1,45
Physics and Astronomy;Atomic and Molecular Physics, and Optics;124;587;583;4,7;0,83;40;210;248;5,3;0,73
Physics and Astronomy;Radiation;166;449;515;2,7;1,33;26;150;172;5,8;1,27
Physics and Astronomy;Statistical and Nonlinear Physics;30;101;89;3,4;0,84;8;9;16;1,1;0,19
Physics and Astronomy;Surfaces and Interfaces;62;453;259;7,3;0,99;49;409;217;8,3;1,13
Mathematics;-;1137;5745;2816;5,1;1,18;530;2595;1202;4,9;1,16
Mathematics;General Mathematics;133;397;299;3;1,8;81;285;172;3,5;2,35
Mathematics;Mathematics (miscellaneous);6;9;26;1,5;0,55;3;6;14;2;0,41
Mathematics;Algebra and Number Theory;16;44;35;2,8;1,62;6;6;14;1;1,43
Mathematics;Analysis;60;156;129;2,6;0,94;28;132;74;4,7;1,25
Mathematics;Applied Mathematics;274;1555;794;5,7;1,13;114;575;340;5;1,05
Mathematics;Computational Mathematics;83;303;263;3,7;0,83;31;100;76;3,2;0,71
Mathematics;Control and Optimization;287;992;817;3,5;0,96;111;443;342;4;1,05
Mathematics;Discrete Mathematics and Combinatorics;24;55;64;2,3;0,83;16;38;47;2,4;1,02
Mathematics;Geometry and Topology;25;34;48;1,4;1,04;12;15;23;1,3;1,51
Mathematics;Logic;3;3;16;1;0,14;4;8;11;2;0,25
Mathematics;Mathematical Physics;38;115;180;3;0,81;12;33;36;2,8;0,48
Mathematics;Modeling and Simulation;331;2550;950;7,7;1,28;117;886;352;7,6;0,86
Mathematics;Numerical Analysis;49;216;157;4,4;0,79;23;84;61;3,7;0,59
Mathematics;Statistics and Probability;70;295;254;4,2;0,75;57;246;132;4,3;0,67
Mathematics;Theoretical Computer Science;170;469;513;2,8;0,87;114;497;274;4,4;0,83
Materials Science;-;1066;6812;3611;6,4;0,84;505;3665;1889;7,3;0,82
Materials Science;General Materials Science;474;4137;1960;8,7;0,94;226;2039;1042;9;0,89
Materials Science;Materials Science (miscellaneous);68;211;367;3,1;0,79;19;100;136;5,3;0,69
Materials Science;Biomaterials;34;126;206;3,7;0,76;23;99;154;4,3;1,02
Materials Science;Ceramics and Composites;111;592;478;5,3;0,72;59;290;224;4,9;0,58
Materials Science;Electronic, Optical and Magnetic Materials;306;1035;1168;3,4;0,71;108;438;566;4,1;0,55
Materials Science;Materials Chemistry;234;1268;989;5,4;0,64;142;833;591;5,9;0,65
Materials Science;Metals and Alloys;73;347;406;4,8;0,62;34;144;203;4,2;0,49
Materials Science;Polymers and Plastics;70;406;297;5,8;0,64;47;279;202;5,9;0,67
Materials Science;Surfaces, Coatings and Films;131;813;552;6,2;0,78;88;628;367;7,1;0,86
Chemistry;-;769;5613;3114;7,3;0,79;582;3975;2316;6,8;0,71
Chemistry;General Chemistry;324;2660;1692;8,2;0,87;231;1556;1123;6,7;0,69
Chemistry;Chemistry (miscellaneous);40;292;201;7,3;0,86;29;211;154;7,3;0,54
Chemistry;Analytical Chemistry;95;739;496;7,8;0,61;69;562;374;8,1;0,65
Chemistry;Electrochemistry;70;281;341;4;0,45;56;179;263;3,2;0,38
Chemistry;Inorganic Chemistry;59;261;340;4,4;0,52;54;248;336;4,6;0,52
Chemistry;Organic Chemistry;143;995;703;7;0,74;132;870;691;6,6;0,71
Chemistry;Physical and Theoretical Chemistry;192;1532;773;8;0,85;145;1311;645;9;0,96
Chemistry;Spectroscopy;42;232;246;5,5;0,52;34;203;215;6;0,42
Energy;-;518;5206;1840;10,1;1,15;271;2577;963;9,5;1,21
Energy;General Energy;70;1991;260;28,4;2,22;33;691;137;20,9;1,54
Energy;Energy (miscellaneous);59;638;225;10,8;0,86;31;299;129;9,6;0,86
Energy;Energy Engineering and Power Technology;295;3113;1037;10,6;1,25;161;1523;593;9,5;1,37
Energy;Fuel Technology;95;2208;332;23,2;1,71;53;844;198;15,9;1,27
Energy;Nuclear Energy and Engineering;53;313;310;5,9;1,11;22;108;110;4,9;1,63
Energy;Renewable Energy, Sustainability and the Environment;296;3957;1105;13,4;1,24;173;2154;664;12,5;1,18
Earth and Planetary Sciences;-;453;2838;2152;6,3;1,12;224;1359;1160;6,1;0,96
Earth and Planetary Sciences;General Earth and Planetary Sciences;85;451;405;5,3;0,96;62;295;271;4,8;0,62
Earth and Planetary Sciences;Earth and Planetary Sciences (miscellaneous);76;640;596;8,4;1,67;28;192;228;6,9;0,91
Earth and Planetary Sciences;Atmospheric Science;9;165;99;18,3;0,78;3;5;20;1,7;0,31
Earth and Planetary Sciences;Computers in Earth Sciences;12;72;63;6;1;8;134;35;16,8;2,03
Earth and Planetary Sciences;Earth-Surface Processes;36;324;200;9;1,23;15;71;74;4,7;0,82
Earth and Planetary Sciences;Economic Geology;3;13;23;4,3;1,26;#N/A;#N/A;#N/A;#N/A;#N/A
Earth and Planetary Sciences;Geochemistry and Petrology;123;896;742;7,3;1,35;45;347;283;7,7;1,24
Earth and Planetary Sciences;Geology;63;343;385;5,4;1,37;35;231;203;6,6;1,14
Earth and Planetary Sciences;Geophysics;107;921;673;8,6;1,5;39;376;266;9,6;1,26
Earth and Planetary Sciences;Geotechnical Engineering and Engineering Geology;63;385;227;6,1;1,05;29;133;122;4,6;0,92
Earth and Planetary Sciences;Oceanography;35;210;274;6;1,17;21;127;174;6;1,5
Earth and Planetary Sciences;Paleontology;18;39;98;2,2;0,63;5;14;30;2,8;0,54
Earth and Planetary Sciences;Space and Planetary Science;130;1031;879;7,9;1,31;51;433;453;8,5;1,15
Earth and Planetary Sciences;Stratigraphy;7;28;37;4;0,64;6;19;36;3,2;0,45
Chemical Engineering;-;423;2694;1809;6,4;0,77;257;1453;1260;5,7;0,63
Chemical Engineering;General Chemical Engineering;153;947;713;6,2;0,65;90;402;479;4,5;0,51
Chemical Engineering;Chemical Engineering (miscellaneous);27;169;147;6,3;0,74;16;134;79;8,4;0,72
Chemical Engineering;Bioengineering;49;252;242;5,1;0,9;23;147;166;6,4;0,84
Chemical Engineering;Catalysis;109;809;623;7,4;0,74;86;546;526;6,3;0,57
Chemical Engineering;Chemical Health and Safety;2;6;12;3;3,06;1;5;7;5;1,38
Chemical Engineering;Colloid and Surface Chemistry;11;89;81;8,1;1,01;6;39;49;6,5;0,49
Chemical Engineering;Filtration and Separation;12;76;57;6,3;0,88;5;32;19;6,4;0,51
Chemical Engineering;Fluid Flow and Transfer Processes;89;451;290;5,1;1,06;51;247;175;4,8;0,75
Chemical Engineering;Process Chemistry and Technology;64;352;308;5,5;0,68;38;232;189;6,1;0,67
Environmental Science;-;342;3971;1833;11,6;1,17;199;1877;1128;9,4;1,14
Environmental Science;General Environmental Science;40;304;206;7,6;1,21;28;144;183;5,1;1,31
Environmental Science;Environmental Science (miscellaneous);34;117;276;3,4;0,86;25;122;187;4,9;1,06
Environmental Science;Ecological Modeling;9;99;52;11;1,03;6;9;18;1,5;0,2
Environmental Science;Ecology;24;356;231;14,8;1,45;29;142;266;4,9;0,89
Environmental Science;Environmental Chemistry;90;736;633;8,2;0,8;48;414;310;8,6;0,88
Environmental Science;Environmental Engineering;78;805;459;10,3;0,95;42;479;241;11,4;0,98
Environmental Science;Global and Planetary Change;19;197;161;10,4;1,45;12;95;87;7,9;1,26
Environmental Science;Health, Toxicology and Mutagenesis;36;239;294;6,6;0,75;27;212;223;7,9;0,98
Environmental Science;Management, Monitoring, Policy and Law;48;1595;214;33,2;2,33;24;605;106;25,2;1,98
Environmental Science;Nature and Landscape Conservation;7;158;38;22,6;0,99;4;21;42;5,3;0,69
Environmental Science;Pollution;89;2078;521;23,3;1,6;43;773;257;18;1,11
Environmental Science;Waste Management and Disposal;61;484;357;7,9;0,87;34;428;212;12,6;1,13
Environmental Science;Water Science and Technology;45;322;271;7,2;1,11;22;214;107;9,7;1,04
Biochemistry, Genetics and Molecular Biology;-;313;2756;1962;8,8;1,02;310;2175;1997;7;0,81
Biochemistry, Genetics and Molecular Biology;General Biochemistry,Genetics and Molecular Biology;49;910;515;18,6;1,96;77;463;596;6;0,77
Biochemistry, Genetics and Molecular Biology;Biochemistry, Genetics and Molecular Biology (miscellaneous);11;88;77;8;1,14;5;24;64;4,8;0,64
Biochemistry, Genetics and Molecular Biology;Biochemistry;122;766;680;6,3;0,64;90;589;571;6,5;0,68
Biochemistry, Genetics and Molecular Biology;Biophysics;26;162;113;6,2;0,8;20;171;106;8,6;1,26
Biochemistry, Genetics and Molecular Biology;Biotechnology;50;337;286;6,7;0,79;32;251;254;7,8;0,96
Biochemistry, Genetics and Molecular Biology;Cancer Research;16;95;158;5,9;0,81;17;141;210;8,3;1,03
Biochemistry, Genetics and Molecular Biology;Cell Biology;15;152;171;10,1;1,41;24;186;233;7,8;0,79
Biochemistry, Genetics and Molecular Biology;Clinical Biochemistry;11;61;90;5,5;0,78;10;94;94;9,4;0,86
Biochemistry, Genetics and Molecular Biology;Developmental Biology;2;6;24;3;0,37;4;28;24;7;0,48
Biochemistry, Genetics and Molecular Biology;Endocrinology;1;0;14;0;0;8;9;68;1,1;0,28
Biochemistry, Genetics and Molecular Biology;Genetics;28;185;254;6,6;1,11;38;216;310;5,7;0,8
Biochemistry, Genetics and Molecular Biology;Molecular Biology;45;171;307;3,8;0,87;60;374;405;6,2;0,76
Biochemistry, Genetics and Molecular Biology;Molecular Medicine;31;252;235;8,1;0,84;31;259;242;8,4;0,98
Biochemistry, Genetics and Molecular Biology;Physiology;9;47;55;5,2;0,59;11;150;88;13,6;1,34
Biochemistry, Genetics and Molecular Biology;Structural Biology;10;25;86;2,5;0,55;7;18;57;2,6;0,36
Decision Sciences;-;235;3100;672;13,2;3,1;92;380;255;4,1;0,64
Decision Sciences;General Decision Sciences;6;659;18;109,8;10,25;1;1;2;1;0,66
Decision Sciences;Decision Sciences (miscellaneous);13;50;51;3,8;2,5;8;9;23;1,1;0,49
Decision Sciences;Information Systems and Management;112;502;353;4,5;0,76;40;117;119;2,9;0,46
Decision Sciences;Management Science and Operations Research;116;2828;248;24,4;5,48;30;249;87;8,3;0,8
Decision Sciences;Statistics, Probability and Uncertainty;30;115;143;3,8;0,77;32;110;92;3,4;0,8
Agricultural and Biological Sciences;-;218;1551;1170;7,1;1,14;203;1096;1025;5,4;1,01
Agricultural and Biological Sciences;General Agricultural and Biological Sciences;23;119;162;5,2;1,12;47;83;142;1,8;0,47
Agricultural and Biological Sciences;Agricultural and Biological Sciences (miscellaneous);5;35;56;7;1,55;10;66;83;6,6;1,16
Agricultural and Biological Sciences;Agronomy and Crop Science;21;120;105;5,7;1,18;22;97;128;4,4;1,17
Agricultural and Biological Sciences;Animal Science and Zoology;3;9;21;3;0,65;16;35;110;2,2;0,69
Agricultural and Biological Sciences;Aquatic Science;26;211;215;8,1;1,37;40;221;203;5,5;1,32
Agricultural and Biological Sciences;Ecology, Evolution, Behavior and Systematics;48;431;379;9;1,3;46;215;340;4,7;1,01
Agricultural and Biological Sciences;Food Science;72;570;236;7,9;0,98;13;75;91;5,8;0,94
Agricultural and Biological Sciences;Forestry;4;10;23;2,5;1,89;4;8;40;2;1,55
Agricultural and Biological Sciences;Horticulture;4;17;26;4,3;1,84;2;17;15;8,5;3,68
Agricultural and Biological Sciences;Insect Science;3;20;10;6,7;3,44;6;23;24;3,8;0,91
Agricultural and Biological Sciences;Plant Science;33;194;203;5,9;0,94;30;296;218;9,9;1,23
Agricultural and Biological Sciences;Soil Science;15;133;102;8,9;1,54;14;152;84;10,9;1,36
Medicine;-;215;2071;1464;9,6;1,71;227;1586;1526;7;0,99
Medicine;General Medicine;14;455;146;32,5;6,07;50;116;222;2,3;0,46
Medicine;Medicine (miscellaneous);11;89;79;8,1;1,16;16;182;149;11,4;1,12
Medicine;Anesthesiology and Pain Medicine;1;0;6;0;0;1;11;23;11;3,83
Medicine;Biochemistry (medical);2;22;23;11;1,92;2;22;33;11;1,92
Medicine;Cardiology and Cardiovascular Medicine;5;34;64;6,8;1,14;22;161;190;7,3;0,88
Medicine;Critical Care and Intensive Care Medicine;1;19;11;19;1,67;1;1;8;1;0,83
Medicine;Complementary and Alternative Medicine;2;15;21;7,5;1,44;3;21;30;7;1,42
Medicine;Dermatology;1;4;18;4;0,56;#N/A;#N/A;#N/A;#N/A;#N/A
Medicine;Endocrinology, Diabetes and Metabolism;11;121;93;11;1,01;17;149;174;8,8;0,88
Medicine;Epidemiology;2;6;11;3;0,36;3;24;17;8;1,05
Medicine;Gastroenterology;1;0;10;0;0;#N/A;#N/A;#N/A;#N/A;#N/A
Medicine;Genetics (clinical);2;4;26;2;2,11;3;15;33;5;0,55
Medicine;Geriatrics and Gerontology;1;0;10;0;0;1;0;10;0;0
Medicine;Health Informatics;32;306;146;9,6;1,45;22;251;103;11,4;1,23
Medicine;Hematology;5;24;41;4,8;1,32;5;28;72;5,6;1,11
Medicine;Histology;5;93;35;18,6;2,32;#N/A;#N/A;#N/A;#N/A;#N/A
Medicine;Immunology and Allergy;3;31;27;10,3;0,83;13;126;111;9,7;0,97
Medicine;Internal Medicine;2;2;22;1;0,56;8;111;92;13,9;1,5
Medicine;Infectious Diseases;5;61;54;12,2;1,1;4;24;59;6;0,82
Medicine;Microbiology (medical);11;127;118;11,5;1,46;9;103;110;11,4;2,02
Medicine;Neurology (clinical);8;16;62;2;0,74;5;9;34;1,8;0,61
Medicine;Oncology;31;301;275;9,7;1,69;19;186;184;9,8;1,36
Medicine;Ophthalmology;4;19;20;4,8;1,09;3;17;13;5,7;1,12
Medicine;Orthopedics and Sports Medicine;3;30;22;10;1,45;3;40;31;13,3;1,99
Medicine;Otorhinolaryngology;2;19;24;9,5;4,04;#N/A;#N/A;#N/A;#N/A;#N/A
Medicine;Pathology and Forensic Medicine;1;9;4;9;1,25;#N/A;#N/A;#N/A;#N/A;#N/A
Medicine;Pediatrics, Perinatology and Child Health;4;10;18;2,5;1,11;2;11;11;5,5;1,4
Medicine;Pharmacology (medical);4;69;45;17,3;1,58;3;19;38;6,3;0,73
Medicine;Physiology (medical);4;21;37;5,3;0,53;5;28;49;5,6;0,59
Medicine;Psychiatry and Mental Health;2;2;5;1;0,94;1;0;2;0;0
Medicine;Public Health, Environmental and Occupational Health;15;104;135;6,9;0,74;6;27;49;4,5;0,79
Medicine;Pulmonary and Respiratory Medicine;1;5;13;5;0,61;2;9;7;4,5;0,92
Medicine;Radiology, Nuclear Medicine and Imaging;61;340;366;5,6;1,51;25;182;197;7,3;1,28
Medicine;Rehabilitation;6;26;28;4,3;0,63;4;20;20;5;0,56
Medicine;Rheumatology;1;5;8;5;0,91;4;24;14;6;1,17
Medicine;Surgery;10;63;88;6,3;1,58;12;62;81;5,2;0,78
Medicine;Urology;1;12;16;12;15,23;3;5;4;1,7;0,76
Social Sciences;-;131;1232;577;9,4;1,69;69;275;240;4;1,2
Social Sciences;General Social Sciences;5;1;13;0,2;0,33;6;3;17;0,5;0,59
Social Sciences;Social Sciences (miscellaneous);5;45;22;9;4,38;4;0;10;0;0
Social Sciences;Archeology;7;25;41;3,6;1,67;5;17;38;3,4;1,62
Social Sciences;Education;17;62;110;3,6;1,04;13;19;44;1,5;0,33
Social Sciences;Geography, Planning and Development;34;173;177;5,1;0,65;14;69;58;4,9;1,29
Social Sciences;Health (social science);10;59;56;5,9;1,15;2;10;11;5;1,56
Social Sciences;Human Factors and Ergonomics;7;34;22;4,9;0,5;2;10;8;5;0,63
Social Sciences;Law;1;3;5;3;2,42;2;15;3;7,5;3,02
Social Sciences;Library and Information Sciences;10;44;92;4,4;0,75;6;15;19;2,5;0,37
Social Sciences;Linguistics and Language;21;359;49;17,1;3,42;20;120;44;6;1,75
Social Sciences;Safety Research;1;3;3;3;0,28;#N/A;#N/A;#N/A;#N/A;#N/A
Social Sciences;Sociology and Political Science;5;4;13;0,8;0,3;5;0;10;0;0
Social Sciences;Transportation;18;485;70;26,9;3,22;1;0;4;0;0
Social Sciences;Anthropology;1;7;7;7;3,3;#N/A;#N/A;#N/A;#N/A;#N/A
Social Sciences;Communication;7;15;23;2,1;0,58;1;4;7;4;0,99
Social Sciences;Cultural Studies;3;2;4;0,7;0,36;1;0;1;0;0
Social Sciences;Urban Studies;5;10;20;2;0,52;3;3;13;1;0,15
Business, Management and Accounting;-;101;2276;283;22,5;5,51;56;278;152;5;0,99
Business, Management and Accounting;General Business,Management and Accounting;17;188;40;11,1;1,5;11;76;27;6,9;3,31
Business, Management and Accounting;Business, Management and Accounting (miscellaneous);3;11;7;3,7;0,52;4;1;5;0,3;0,3
Business, Management and Accounting;Business and International Management;10;325;36;32,5;2,2;11;35;23;3,2;0,85
Business, Management and Accounting;Management Information Systems;5;19;25;3,8;0,46;4;1;12;0,3;0,04
Business, Management and Accounting;Management of Technology and Innovation;17;206;63;12,1;1,29;17;53;57;3,1;0,28
Business, Management and Accounting;Marketing;2;8;8;4;0,81;10;44;9;4,4;0,35
Business, Management and Accounting;Strategy and Management;58;1683;172;29;8,49;17;111;73;6,5;0,65
Business, Management and Accounting;Industrial Relations;3;12;10;4;0,54;3;12;10;4;0,54
Multidisciplinary;-;100;1042;746;10,4;1,19;62;545;536;8,8;1,12
Multidisciplinary;Multidisciplinary;100;1042;746;10,4;1,19;62;545;536;8,8;1,12
Arts and Humanities;-;63;652;212;10,3;1,86;50;194;148;3,9;1,5
Arts and Humanities;Arts and Humanities (miscellaneous);10;305;50;30,5;2,51;6;35;22;5,8;1,41
Arts and Humanities;History;2;0;4;0;0;2;0;2;0;0
Arts and Humanities;Language and Linguistics;29;295;70;10,2;2,3;23;125;51;5,4;1,61
Arts and Humanities;Archeology (arts and humanities);15;34;82;2,3;1,21;8;23;54;2,9;1,49
Arts and Humanities;Conservation;5;3;27;0,6;0,55;1;1;5;1;0,6
Arts and Humanities;History and Philosophy of Science;1;0;1;0;0;9;0;20;0;0
Arts and Humanities;Literature and Literary Theory;1;0;2;0;0;1;0;1;0;0
Arts and Humanities;Music;6;14;16;2,3;1,39;#N/A;#N/A;#N/A;#N/A;#N/A
Arts and Humanities;Religious Studies;3;2;4;0,7;0,36;#N/A;#N/A;#N/A;#N/A;#N/A
Arts and Humanities;Visual Arts and Performing Arts;1;5;4;5;1,4;#N/A;#N/A;#N/A;#N/A;#N/A
Immunology and Microbiology;-;58;560;436;9,7;1,31;51;494;459;9,7;1,35
Immunology and Microbiology;General Immunology and Microbiology;6;56;72;9,3;1,23;5;52;79;10,4;1,21
Immunology and Microbiology;Immunology and Microbiology (miscellaneous);3;5;15;1,7;1,96;2;4;19;2;2,89
Immunology and Microbiology;Applied Microbiology and Biotechnology;13;183;112;14,1;1,47;12;151;127;12,6;1,31
Immunology and Microbiology;Immunology;7;94;99;13,4;2,05;13;179;157;13,8;1,71
Immunology and Microbiology;Microbiology;35;329;290;9,4;1,29;22;219;212;10;1,59
Immunology and Microbiology;Virology;6;31;60;5,2;0,76;5;15;63;3;0,42
Pharmacology, Toxicology and Pharmaceutics;-;55;735;390;13,4;0,97;62;689;469;11,1;1,03
Pharmacology, Toxicology and Pharmaceutics;General Pharmacology, Toxicology and Pharmaceutics;1;30;5;30;1,12;2;12;17;6;0,66
Pharmacology, Toxicology and Pharmaceutics;Pharmacology, Toxicology and Pharmaceutics (miscellaneous);3;72;36;24;0,86;6;120;51;20;1,58
Pharmacology, Toxicology and Pharmaceutics;Drug Discovery;29;356;194;12,3;0,93;34;417;240;12,3;1,1
Pharmacology, Toxicology and Pharmaceutics;Pharmaceutical Science;29;485;201;16,7;1,06;33;426;251;12,9;1,13
Pharmacology, Toxicology and Pharmaceutics;Pharmacology;20;173;163;8,7;0,95;21;191;201;9,1;1
Pharmacology, Toxicology and Pharmaceutics;Toxicology;8;77;66;9,6;0,81;7;73;54;10,4;0,8
Health Professions;-;31;247;155;8;1,17;14;247;64;17,6;1,51
Health Professions;Health Professions (miscellaneous);10;59;56;5,9;1,15;2;13;15;6,5;1,79
Health Professions;Health Information Management;7;128;34;18,3;1,82;8;219;42;27,4;1,96
Health Professions;Physical Therapy, Sports Therapy and Rehabilitation;4;10;10;2,5;0,34;#N/A;#N/A;#N/A;#N/A;#N/A
Health Professions;Radiological and Ultrasound Technology;10;50;59;5;1,05;4;15;11;3,8;0,45
Economics, Econometrics and Finance;-;30;263;97;8,8;1,83;20;108;53;5,4;2,11
Economics, Econometrics and Finance;General Economics,Econometrics and Finance;8;13;26;1,6;1,81;7;12;20;1,7;1,7
Economics, Econometrics and Finance;Economics, Econometrics and Finance (miscellaneous);5;25;20;5;3,45;1;5;4;5;0,46
Economics, Econometrics and Finance;Economics and Econometrics;16;213;48;13,3;1,33;12;91;31;7,6;2,49
Economics, Econometrics and Finance;Finance;1;12;4;12;1,79;#N/A;#N/A;#N/A;#N/A;#N/A
Neuroscience;-;27;272;188;10,1;1,5;14;132;124;9,4;1,07
Neuroscience;General Neuroscience;7;109;90;15,6;1,25;6;103;87;17,2;1,21
Neuroscience;Neuroscience (miscellaneous);1;0;4;0;0;1;0;4;0;0
Neuroscience;Behavioral Neuroscience;2;2;14;1;0,28;1;1;3;1;0,27
Neuroscience;Cellular and Molecular Neuroscience;7;49;45;7;1,59;3;11;17;3,7;1,36
Neuroscience;Cognitive Neuroscience;3;90;12;30;4,27;#N/A;#N/A;#N/A;#N/A;#N/A
Neuroscience;Developmental Neuroscience;1;1;11;1;0,3;#N/A;#N/A;#N/A;#N/A;#N/A
Neuroscience;Neurology;5;5;29;1;0,8;1;0;7;0;0
Neuroscience;Sensory Systems;3;17;13;5,7;1,12;3;17;13;5,7;1,12
Psychology;-;20;169;84;8,5;1,13;7;17;32;2,4;0,53
Psychology;General Psychology;5;25;28;5;0,65;3;12;13;4;0,49
Psychology;Psychology (miscellaneous);2;4;9;2;0,64;1;3;3;3;0,53
Psychology;Applied Psychology;6;58;28;9,7;1,06;2;5;11;2,5;1,13
Psychology;Developmental and Educational Psychology;3;7;21;2,3;0,64;2;3;8;1,5;0,26
Psychology;Experimental and Cognitive Psychology;3;81;13;27;3,83;1;3;3;3;0,53
Psychology;Social Psychology;5;18;24;3,6;0,45;3;5;15;1,7;0,75
Nursing;-;12;73;66;6,1;0,65;6;5;41;0,8;0,57
Nursing;General Nursing;1;0;2;0;0;#N/A;#N/A;#N/A;#N/A;#N/A
Nursing;Gerontology;1;0;10;0;0;1;0;10;0;0
Nursing;Nutrition and Dietetics;10;73;54;7,3;0,78;3;3;17;1;0,29
Dentistry;-;9;44;57;4,9;1,59;3;3;18;1;0,35
Dentistry;General Dentistry;7;25;33;3,6;0,9;3;3;18;1;0,35
Dentistry;Oral Surgery;2;19;24;9,5;4,04;#N/A;#N/A;#N/A;#N/A;#N/A
Biochemistry, Genetics and Molecular Biology;Aging;#N/A;#N/A;#N/A;#N/A;#N/A;1;6;16;6;0,43
Medicine;Emergency Medicine;#N/A;#N/A;#N/A;#N/A;#N/A;1;13;17;13;3,19
Medicine;Health Policy;#N/A;#N/A;#N/A;#N/A;#N/A;2;3;13;1,5;1,46
Medicine;Hepatology;#N/A;#N/A;#N/A;#N/A;#N/A;1;65;3;65;2,63
Medicine;Obstetrics and Gynecology;#N/A;#N/A;#N/A;#N/A;#N/A;2;3;26;1,5;1,37
Medicine;Transplantation;#N/A;#N/A;#N/A;#N/A;#N/A;1;1;5;1;0,14
Social Sciences;Development;#N/A;#N/A;#N/A;#N/A;#N/A;2;21;3;10,5;2,02
Social Sciences;Political Science and International Relations;#N/A;#N/A;#N/A;#N/A;#N/A;1;0;1;0;0
Social Sciences;Public Administration;#N/A;#N/A;#N/A;#N/A;#N/A;1;0;2;0;0
Business, Management and Accounting;Accounting;#N/A;#N/A;#N/A;#N/A;#N/A;1;0;1;0;0
Business, Management and Accounting;Organizational Behavior and Human Resource Management;#N/A;#N/A;#N/A;#N/A;#N/A;4;1;8;0,3;0,03
Business, Management and Accounting;Tourism, Leisure and Hospitality Management;#N/A;#N/A;#N/A;#N/A;#N/A;5;10;6;2;0,18
Arts and Humanities;General Arts and Humanities;#N/A;#N/A;#N/A;#N/A;#N/A;1;0;1;0;0
Arts and Humanities;Philosophy;#N/A;#N/A;#N/A;#N/A;#N/A;1;11;3;11;17,51
Nursing;Advanced and Specialized Nursing;#N/A;#N/A;#N/A;#N/A;#N/A;1;0;5;0;0
Nursing;Maternity and Midwifery;#N/A;#N/A;#N/A;#N/A;#N/A;1;2;9;2;2,53
Nursing;Medical and Surgical Nursing;#N/A;#N/A;#N/A;#N/A;#N/A;1;0;5;0;0
Nursing;Pediatrics;#N/A;#N/A;#N/A;#N/A;#N/A;1;2;9;2;2,53
Veterinary;-;#N/A;#N/A;#N/A;#N/A;#N/A;1;3;8;3;1,52
Veterinary;General Veterinary;#N/A;#N/A;#N/A;#N/A;#N/A;1;3;8;3;1,52
